referencia,fabricante,modelo,cilindraje
ACP-116,"HONDAFIT1,5HONDAFIT1,5HONDACIVIC1,5HONDACRV1,5HONDAHRV1,8HONDAWR-V1,5HONDACIVIC2HONDAODYSSEY3,5HONDACRV2,4HONDACIVIC2,4HONDAFIT1,3HONDACITY1,5",HONDA,FIT
ACP-116,HONDA,FIT,"1,5"
ACP-116,HONDA,FIT,"1,5"
ACP-116,HONDA,CIVIC,"1,5"
ACP-116,HONDA,CRV,"1,5"
ACP-116,HONDA,HRV,"1,8"
ACP-116,HONDA,WR-V,"1,5"
ACP-116,HONDA,CIVIC,2
ACP-116,HONDA,ODYSSEY,"3,5"
ACP-116,HONDA,CRV,"2,4"
ACP-116,HONDA,CIVIC,"2,4"
ACP-116,HONDA,FIT,"1,3"
ACP-116,HONDA,CITY,"1,5"
AIP-1040,"HONDARIDGELINE3,5HONDAPILOT3,5HONDAODYSSEY3,5",HONDA,RIDGELINE
AIP-1040,HONDA,RIDGELINE,"3,5"
AIP-1040,HONDA,PILOT,"3,5"
AIP-1040,HONDA,ODYSSEY,"3,5"
OLP-XT-019,"ACURAILX1,5ACURAILX2ACURAILX2,4KIAPICANTO ION1KIAPICANTO ION XTREME1,2KIAPICANTO EKO TAXI1KIAPICANTO EKO TAXI1,2HYUNDAIi201,4FIATUNO1,4HONDACIVIC1,5HONDACRV1,5HONDAHRV1,8HONDAPILOT3,5HONDARIDGELINE3,5HONDAODYSSEY3,5MITSUBISHIASX2MITSUBISHIMONTERO SPORT3MITSUBISHIOUTLANDER KAITEKI2MITSUBISHIOUTLANDER KAITEKI2,4MITSUBISHIOUTLANDER3HONDAWR-V1,5MITSUBISHIECLIPSE CROSS2HONDACIVIC2MITSUBISHIMONTERO SPORT2,5HONDAODYSSEY3,5HONDAFIT1,5HONDAACCORD2MITSUBISHIL200 SPORTERO Diesel2,5FIATMOBI1GREAT WALLHAVAL H32HYUNDAIGRAND i101,2MITSUBISHIOUTLANDER PHEV2SUBARUEVOLTIS2,4SUBARUFORESTER V2SUBARUFORESTER V2,5SUBARUOUTBACK IV2,5SUBARUOUTBACK VI2,4SUBARUWRX2SUBARUWRX STI2SUBARUXV II2SUBARUXV2BRILLIANCEH2201,5BRILLIANCEV51,6BRILLIANCEV51,5BRILLIANCEV31,5HONDAPILOT3,5OpelCROSSLAND1,2OpelVIVARO2SUBARUOUTBACK VI2,5RamRAM 700 / V700 Rapid1,4HONDACIVIC2,4FIATFIORINO1,4FIATSTRADA1,4FIAT500 8V1,4HYUNDAIATOS1HYUNDAIATOS PRIME1,1HYUNDAIEON0,8KIAGRAND EKOTAXI (PICANTO)1KIAGRAND EKOTAXI (PICANTO)1,2HONDACITY1,5MITSUBISHIXPANDER1,5SUBARUCROSSTREK2OpelMOKKA GS1,2SUBARUWRX2,4",ACURA,ILX
OLP-XT-019,ACURA,ILX,"1,5"
OLP-XT-019,ACURA,ILX,2
OLP-XT-019,ACURA,ILX,"2,4"
OLP-XT-019,KIA,PICANTO ION,1
OLP-XT-019,KIA,PICANTO ION XTREME,"1,2"
OLP-XT-019,KIA,PICANTO EKO TAXI,1
OLP-XT-019,KIA,PICANTO EKO TAXI,"1,2"
OLP-XT-019,HYUNDAI,i20,"1,4"
OLP-XT-019,FIAT,UNO,"1,4"
OLP-XT-019,HONDA,CIVIC,"1,5"
OLP-XT-019,HONDA,CRV,"1,5"
OLP-XT-019,HONDA,HRV,"1,8"
OLP-XT-019,HONDA,PILOT,"3,5"
OLP-XT-019,HONDA,RIDGELINE,"3,5"
OLP-XT-019,HONDA,ODYSSEY,"3,5"
OLP-XT-019,MITSUBISHI,ASX,2
OLP-XT-019,MITSUBISHI,MONTERO SPORT,3
OLP-XT-019,MITSUBISHI,OUTLANDER KAITEKI,2
OLP-XT-019,MITSUBISHI,OUTLANDER KAITEKI,"2,4"
OLP-XT-019,MITSUBISHI,OUTLANDER,3
OLP-XT-019,HONDA,WR-V,"1,5"
OLP-XT-019,MITSUBISHI,ECLIPSE CROSS,2
OLP-XT-019,HONDA,CIVIC,2
OLP-XT-019,MITSUBISHI,MONTERO SPORT,"2,5"
OLP-XT-019,HONDA,ODYSSEY,"3,5"
OLP-XT-019,HONDA,FIT,"1,5"
OLP-XT-019,HONDA,ACCORD,2
OLP-XT-019,MITSUBISHI,L200 SPORTERO Diesel,"2,5"
OLP-XT-019,FIAT,MOBI,1
OLP-XT-019,GREAT WALL,HAVAL H3,2
OLP-XT-019,HYUNDAI,GRAND i10,"1,2"
OLP-XT-019,MITSUBISHI,OUTLANDER PHEV,2
OLP-XT-019,SUBARU,EVOLTIS,"2,4"
OLP-XT-019,SUBARU,FORESTER V,2
OLP-XT-019,SUBARU,FORESTER V,"2,5"
OLP-XT-019,SUBARU,OUTBACK IV,"2,5"
OLP-XT-019,SUBARU,OUTBACK VI,"2,4"
OLP-XT-019,SUBARU,WRX,2
OLP-XT-019,SUBARU,WRX STI,2
OLP-XT-019,SUBARU,XV II,2
OLP-XT-019,SUBARU,XV,2
OLP-XT-019,BRILLIANCE,H220,"1,5"
OLP-XT-019,BRILLIANCE,V5,"1,6"
OLP-XT-019,BRILLIANCE,V5,"1,5"
OLP-XT-019,BRILLIANCE,V3,"1,5"
OLP-XT-019,HONDA,PILOT,"3,5"
OLP-XT-019,Opel,CROSSLAND,"1,2"
OLP-XT-019,Opel,VIVARO,2
OLP-XT-019,SUBARU,OUTBACK VI,"2,5"
OLP-XT-019,Ram,RAM 700 / V700 Rapid,"1,4"
OLP-XT-019,HONDA,CIVIC,"2,4"
OLP-XT-019,FIAT,FIORINO,"1,4"
OLP-XT-019,FIAT,STRADA,"1,4"
OLP-XT-019,FIAT,500 8V,"1,4"
OLP-XT-019,HYUNDAI,ATOS,1
OLP-XT-019,HYUNDAI,ATOS PRIME,"1,1"
OLP-XT-019,HYUNDAI,EON,"0,8"
OLP-XT-019,KIA,GRAND EKOTAXI (PICANTO),1
OLP-XT-019,KIA,GRAND EKOTAXI (PICANTO),"1,2"
OLP-XT-019,HONDA,CITY,"1,5"
OLP-XT-019,MITSUBISHI,XPANDER,"1,5"
OLP-XT-019,SUBARU,CROSSTREK,2
OLP-XT-019,Opel,MOKKA GS,"1,2"
OLP-XT-019,SUBARU,WRX,"2,4"
ACP-091,"ACURARDX3,5HONDACIVIC1,8HONDACIVIC1,8HONDACIVIC2HONDAACCORD2,4HONDAACCORD3HONDAACCORD3,5HONDACRV2,4HONDACRV2,4HONDACRV2,4HONDACRV2,4HONDAPILOT3,5HONDARIDGELINE3,5HONDARIDGELINE3,5HONDAODYSSEY3,5HONDAODYSSEY3,5BYDF-62BYDS62HONDAACCORD2",ACURA,RDX
ACP-091,ACURA,RDX,"3,5"
ACP-091,HONDA,CIVIC,"1,8"
ACP-091,HONDA,CIVIC,"1,8"
ACP-091,HONDA,CIVIC,2
ACP-091,HONDA,ACCORD,"2,4"
ACP-091,HONDA,ACCORD,3
ACP-091,HONDA,ACCORD,"3,5"
ACP-091,HONDA,CRV,"2,4"
ACP-091,HONDA,CRV,"2,4"
ACP-091,HONDA,CRV,"2,4"
ACP-091,HONDA,CRV,"2,4"
ACP-091,HONDA,PILOT,"3,5"
ACP-091,HONDA,RIDGELINE,"3,5"
ACP-091,HONDA,RIDGELINE,"3,5"
ACP-091,HONDA,ODYSSEY,"3,5"
ACP-091,HONDA,ODYSSEY,"3,5"
ACP-091,BYD,F-6,2
ACP-091,BYD,S6,2
ACP-091,HONDA,ACCORD,2
AIP-997,"ACURAILX2,4ACURANSX3,5HONDACIVIC2,4",ACURA,ILX
AIP-997,ACURA,ILX,"2,4"
AIP-997,ACURA,NSX,"3,5"
AIP-997,HONDA,CIVIC,"2,4"
OLP-019,"CHEVROLETEPICA2,5ACURARDX3,5ACURAILX1,5ACURAILX2ACURAILX2,4PEUGEOT2061,4PEUGEOT3061,4PEUGEOT3061,8SUBARUFORESTER III2SUBARUFORESTER III T2,5SUBARUIMPREZA V2SUBARULEGACY2,5SUBARUOUTBACK II2,5SUBARUOUTBACK III2,5SUBARUOUTBACK IV2,5SUBARUXV2KIAPICANTO1,1KIACARENS1,8KIAGRAND SPORTAGE2HYUNDAIATOS1HYUNDAIATOS PRIME1,1HYUNDAIEON0,8HYUNDAIGRAND i101,2HYUNDAIi101,1HYUNDAIi301,6NISSANALTIMA2,5NISSANSENTRA B151,8NISSANMÁXIMA3NISSANTIIDA1,8NISSANVERSA1,6NISSANPATHFINDER3,5NISSANNEW PATHFINDER4NISSANX-TRAIL2,5NISSANFRONTIER2,4MAZDA323 CARBURADOR1,6MAZDA323 FI1,3MAZDA323 FI1,3MAZDA323 FI1,6FIATUNO1,3FIAT500 8V1,4FIATPALIO1,3FIATPALIO1,6FIATPALIO1,4FIATSIENA1,3FIATSIENA1,4FIATPUNTO1,4FIATSTRADA1,3FIATSTRADA1,4FIATFIORINO1,3HONDAFIT1,3HONDAFIT1,5HONDAFIT1,5HONDAFIT1,5HONDACIVIC1,5HONDACIVIC1,6HONDACIVIC1,6HONDACIVIC1,7HONDACIVIC1,8HONDACIVIC1,8HONDACIVIC2HONDAACCORD2,2HONDAACCORD2,3HONDAACCORD2,4HONDAACCORD3HONDAACCORD3,5HONDACRV2HONDACRV2,4HONDACRV2,4HONDACRV2,4HONDACRV2,4HONDACRV2,4HONDAPILOT3,5HONDAPILOT3,5HONDARIDGELINE3,5HONDAODYSSEY3,5HONDAODYSSEY3,5MITSUBISHIASX2MITSUBISHICOLT1,3MITSUBISHIENDEAVOR3,8MITSUBISHIGALANT2MITSUBISHIL2002,4MITSUBISHILANCER1,6MITSUBISHILANCER RALLIART2MITSUBISHILANCER AVANZADO2MITSUBISHIMIRAGE1,2MITSUBISHIMONTERO3MITSUBISHIMONTERO3,5MITSUBISHIMONTERO HARD2,4MITSUBISHINATIVA3MITSUBISHIOUTLANDER KAITEKI2MITSUBISHIOUTLANDER KAITEKI2,4MITSUBISHIOUTLANDER3GREAT WALLHAVAL 52,4GREAT WALLVOLEEX C 301,5JacSMILE1JacSMILE1,3JacSTAR TAXI1,3JacVELOCE1,3BYDMOVIL 31,5BRILLIANCEV51,5BRILLIANCEV51,6BRILLIANCEH5301,5BRILLIANCEH2201,5HONDAWR-V1,5SUBARUIMPREZA III2SUBARUIMPREZA III2,5FIATMOBI1NISSANJUKE1,6GREAT WALLHAVAL H32FIATUNO1,4JacJ21JacJ21,3KIAPICANTO ION XTREME1,2KIAPICANTO EKO TAXI1KIAPICANTO EKO TAXI1,2KIAPICANTO ION1MITSUBISHIECLIPSE CROSS2KIASPORTAGE2SUBARUFORESTER IV2SUBARUFORESTER IV2,5SUBARULEGACY2CITROËNBERLINGOTodos MotoresHONDAFIT1,3FIATFIORINO1,4HYUNDAIGRAND i101HYUNDAIi101,1HYUNDAIi101,2HYUNDAIi201,2HYUNDAIi301,6JacB-CROSS1,8JacB-CROSS1,5JacSMILE1JacSMILE1,3JacSTAR1NISSANXTERRA4MITSUBISHIMIRAGE1,2MITSUBISHIMONTERO IO1,8MITSUBISHIMONTERO IO1,6MITSUBISHINATIVA3MITSUBISHILANCER1,3NISSANPATROL5,6NISSANXTERRA3,3MITSUBISHIXPANDER1,5SUBARUCROSSTREK2SUBARUWRX2,4GacTRUMPCHI GS31,5GacTRUMPCHI GS4 MAX1,5GacTRUMPCHI EMPOW1,5MITSUBISHIL2002,4MITSUBISHIMONTERO SPORT Diesel2,4Dfac/dongfengCAPTAIN WTodos MotoresRamRAM 700 / V700 Rapid1,4BYDSONG PLUS1,5GacEMZOOM1,5NISSANX-TRAIL1,5HONDACITY1,5BYDQIN PLUS1,5HONDACRV1,5",CHEVROLET,EPICA
OLP-019,CHEVROLET,EPICA,"2,5"
OLP-019,ACURA,RDX,"3,5"
OLP-019,ACURA,ILX,"1,5"
OLP-019,ACURA,ILX,2
OLP-019,ACURA,ILX,"2,4"
OLP-019,PEUGEOT,206,"1,4"
OLP-019,PEUGEOT,306,"1,4"
OLP-019,PEUGEOT,306,"1,8"
OLP-019,SUBARU,FORESTER III,2
OLP-019,SUBARU,FORESTER III T,"2,5"
OLP-019,SUBARU,IMPREZA V,2
OLP-019,SUBARU,LEGACY,"2,5"
OLP-019,SUBARU,OUTBACK II,"2,5"
OLP-019,SUBARU,OUTBACK III,"2,5"
OLP-019,SUBARU,OUTBACK IV,"2,5"
OLP-019,SUBARU,XV,2
OLP-019,KIA,PICANTO,"1,1"
OLP-019,KIA,CARENS,"1,8"
OLP-019,KIA,GRAND SPORTAGE,2
OLP-019,HYUNDAI,ATOS,1
OLP-019,HYUNDAI,ATOS PRIME,"1,1"
OLP-019,HYUNDAI,EON,"0,8"
OLP-019,HYUNDAI,GRAND i10,"1,2"
OLP-019,HYUNDAI,i10,"1,1"
OLP-019,HYUNDAI,i30,"1,6"
OLP-019,NISSAN,ALTIMA,"2,5"
OLP-019,NISSAN,SENTRA B15,"1,8"
OLP-019,NISSAN,MÁXIMA,3
OLP-019,NISSAN,TIIDA,"1,8"
OLP-019,NISSAN,VERSA,"1,6"
OLP-019,NISSAN,PATHFINDER,"3,5"
OLP-019,NISSAN,NEW PATHFINDER,4
OLP-019,NISSAN,X-TRAIL,"2,5"
OLP-019,NISSAN,FRONTIER,"2,4"
OLP-019,MAZDA,323 CARBURADOR,"1,6"
OLP-019,MAZDA,323 FI,"1,3"
OLP-019,MAZDA,323 FI,"1,3"
OLP-019,MAZDA,323 FI,"1,6"
OLP-019,FIAT,UNO,"1,3"
OLP-019,FIAT,500 8V,"1,4"
OLP-019,FIAT,PALIO,"1,3"
OLP-019,FIAT,PALIO,"1,6"
OLP-019,FIAT,PALIO,"1,4"
OLP-019,FIAT,SIENA,"1,3"
OLP-019,FIAT,SIENA,"1,4"
OLP-019,FIAT,PUNTO,"1,4"
OLP-019,FIAT,STRADA,"1,3"
OLP-019,FIAT,STRADA,"1,4"
OLP-019,FIAT,FIORINO,"1,3"
OLP-019,HONDA,FIT,"1,3"
OLP-019,HONDA,FIT,"1,5"
OLP-019,HONDA,FIT,"1,5"
OLP-019,HONDA,FIT,"1,5"
OLP-019,HONDA,CIVIC,"1,5"
OLP-019,HONDA,CIVIC,"1,6"
OLP-019,HONDA,CIVIC,"1,6"
OLP-019,HONDA,CIVIC,"1,7"
OLP-019,HONDA,CIVIC,"1,8"
OLP-019,HONDA,CIVIC,"1,8"
OLP-019,HONDA,CIVIC,2
OLP-019,HONDA,ACCORD,"2,2"
OLP-019,HONDA,ACCORD,"2,3"
OLP-019,HONDA,ACCORD,"2,4"
OLP-019,HONDA,ACCORD,3
OLP-019,HONDA,ACCORD,"3,5"
OLP-019,HONDA,CRV,2
OLP-019,HONDA,CRV,"2,4"
OLP-019,HONDA,CRV,"2,4"
OLP-019,HONDA,CRV,"2,4"
OLP-019,HONDA,CRV,"2,4"
OLP-019,HONDA,CRV,"2,4"
OLP-019,HONDA,PILOT,"3,5"
OLP-019,HONDA,PILOT,"3,5"
OLP-019,HONDA,RIDGELINE,"3,5"
OLP-019,HONDA,ODYSSEY,"3,5"
OLP-019,HONDA,ODYSSEY,"3,5"
OLP-019,MITSUBISHI,ASX,2
OLP-019,MITSUBISHI,COLT,"1,3"
OLP-019,MITSUBISHI,ENDEAVOR,"3,8"
OLP-019,MITSUBISHI,GALANT,2
OLP-019,MITSUBISHI,L200,"2,4"
OLP-019,MITSUBISHI,LANCER,"1,6"
OLP-019,MITSUBISHI,LANCER RALLIART,2
OLP-019,MITSUBISHI,LANCER AVANZADO,2
OLP-019,MITSUBISHI,MIRAGE,"1,2"
OLP-019,MITSUBISHI,MONTERO,3
OLP-019,MITSUBISHI,MONTERO,"3,5"
OLP-019,MITSUBISHI,MONTERO HARD,"2,4"
OLP-019,MITSUBISHI,NATIVA,3
OLP-019,MITSUBISHI,OUTLANDER KAITEKI,2
OLP-019,MITSUBISHI,OUTLANDER KAITEKI,"2,4"
OLP-019,MITSUBISHI,OUTLANDER,3
OLP-019,GREAT WALL,HAVAL 5,"2,4"
OLP-019,GREAT WALL,VOLEEX C 30,"1,5"
OLP-019,Jac,SMILE,1
OLP-019,Jac,SMILE,"1,3"
OLP-019,Jac,STAR TAXI,"1,3"
OLP-019,Jac,VELOCE,"1,3"
OLP-019,BYD,MOVIL 3,"1,5"
OLP-019,BRILLIANCE,V5,"1,5"
OLP-019,BRILLIANCE,V5,"1,6"
OLP-019,BRILLIANCE,H530,"1,5"
OLP-019,BRILLIANCE,H220,"1,5"
OLP-019,HONDA,WR-V,"1,5"
OLP-019,SUBARU,IMPREZA III,2
OLP-019,SUBARU,IMPREZA III,"2,5"
OLP-019,FIAT,MOBI,1
OLP-019,NISSAN,JUKE,"1,6"
OLP-019,GREAT WALL,HAVAL H3,2
OLP-019,FIAT,UNO,"1,4"
OLP-019,Jac,J2,1
OLP-019,Jac,J2,"1,3"
OLP-019,KIA,PICANTO ION XTREME,"1,2"
OLP-019,KIA,PICANTO EKO TAXI,1
OLP-019,KIA,PICANTO EKO TAXI,"1,2"
OLP-019,KIA,PICANTO ION,1
OLP-019,MITSUBISHI,ECLIPSE CROSS,2
OLP-019,KIA,SPORTAGE,2
OLP-019,SUBARU,FORESTER IV,2
OLP-019,SUBARU,FORESTER IV,"2,5"
OLP-019,SUBARU,LEGACY,2
OLP-019,CITROËN,BERLINGO,Todos Motores
OLP-019,HONDA,FIT,"1,3"
OLP-019,FIAT,FIORINO,"1,4"
OLP-019,HYUNDAI,GRAND i10,1
OLP-019,HYUNDAI,i10,"1,1"
OLP-019,HYUNDAI,i10,"1,2"
OLP-019,HYUNDAI,i20,"1,2"
OLP-019,HYUNDAI,i30,"1,6"
OLP-019,Jac,B-CROSS,"1,8"
OLP-019,Jac,B-CROSS,"1,5"
OLP-019,Jac,SMILE,1
OLP-019,Jac,SMILE,"1,3"
OLP-019,Jac,STAR,1
OLP-019,NISSAN,XTERRA,4
OLP-019,MITSUBISHI,MIRAGE,"1,2"
OLP-019,MITSUBISHI,MONTERO IO,"1,8"
OLP-019,MITSUBISHI,MONTERO IO,"1,6"
OLP-019,MITSUBISHI,NATIVA,3
OLP-019,MITSUBISHI,LANCER,"1,3"
OLP-019,NISSAN,PATROL,"5,6"
OLP-019,NISSAN,XTERRA,"3,3"
OLP-019,MITSUBISHI,XPANDER,"1,5"
OLP-019,SUBARU,CROSSTREK,2
OLP-019,SUBARU,WRX,"2,4"
OLP-019,Gac,TRUMPCHI GS3,"1,5"
OLP-019,Gac,TRUMPCHI GS4 MAX,"1,5"
OLP-019,Gac,TRUMPCHI EMPOW,"1,5"
OLP-019,MITSUBISHI,L200,"2,4"
OLP-019,MITSUBISHI,MONTERO SPORT Diesel,"2,4"
OLP-019,Dfac/dongfeng,CAPTAIN W,Todos Motores
OLP-019,Ram,RAM 700 / V700 Rapid,"1,4"
OLP-019,BYD,SONG PLUS,"1,5"
OLP-019,Gac,EMZOOM,"1,5"
OLP-019,NISSAN,X-TRAIL,"1,5"
OLP-019,HONDA,CITY,"1,5"
OLP-019,BYD,QIN PLUS,"1,5"
OLP-019,HONDA,CRV,"1,5"
AIP-1038,"HONDACIVIC1,8",HONDA,CIVIC
AIP-1038,HONDA,CIVIC,"1,8"
AIP-955,"HONDAPILOT3,5HONDAODYSSEY3,5",HONDA,PILOT
AIP-955,HONDA,PILOT,"3,5"
AIP-955,HONDA,ODYSSEY,"3,5"
AIP-727,"HONDAPILOT3,5",HONDA,PILOT
AIP-727,HONDA,PILOT,"3,5"
AIP-680,"HONDACRV2,4",HONDA,CRV
AIP-680,HONDA,CRV,"2,4"
AIP-728,"HONDAACCORD2,2",HONDA,ACCORD
AIP-728,HONDA,ACCORD,"2,2"
OLP-028,"CHEVROLETRODEO2,6CHEVROLETRODEO3,2HYUNDAICRETA1,6HYUNDAITERRACAN3,5MITSUBISHI3000GT3MITSUBISHIL3002MITSUBISHIMONTERO3MITSUBISHIMONTERO3,5KIACERESTodos MotoresKIACERES.Todos MotoresHYUNDAISANTA FE2,4MITSUBISHISPACE WAGON2JOHN DEERE4475 / 5575 / 6675 / 77751,5SunwardSWE702,3JOHN DEERE110Todos MotoresKIASELTOS1,6",CHEVROLET,RODEO
OLP-028,CHEVROLET,RODEO,"2,6"
OLP-028,CHEVROLET,RODEO,"3,2"
OLP-028,HYUNDAI,CRETA,"1,6"
OLP-028,HYUNDAI,TERRACAN,"3,5"
OLP-028,MITSUBISHI,3000GT,3
OLP-028,MITSUBISHI,L300,2
OLP-028,MITSUBISHI,MONTERO,3
OLP-028,MITSUBISHI,MONTERO,"3,5"
OLP-028,KIA,CERES,Todos Motores
OLP-028,KIA,CERES.,Todos Motores
OLP-028,HYUNDAI,SANTA FE,"2,4"
OLP-028,MITSUBISHI,SPACE WAGON,2
OLP-028,JOHN DEERE,4475 / 5575 / 6675 / 7775,"1,5"
OLP-028,Sunward,SWE70,"2,3"
OLP-028,JOHN DEERE,110,Todos Motores
OLP-028,KIA,SELTOS,"1,6"
AIP-519,"CHEVROLETTROOPER 9603,2CHEVROLETLUV 22002,2CHEVROLETRODEO3,2",CHEVROLET,TROOPER 960
AIP-519,CHEVROLET,TROOPER 960,"3,2"
AIP-519,CHEVROLET,LUV 2200,"2,2"
AIP-519,CHEVROLET,RODEO,"3,2"
OLP-143,"FIAT500 X1,4ALFA ROMEOMiTo1,4FIAT5001,4ALFA ROMEOGiulietta1,4FIATBRAVO1,4",FIAT,500 X
OLP-143,FIAT,500 X,"1,4"
OLP-143,ALFA ROMEO,MiTo,"1,4"
OLP-143,FIAT,500,"1,4"
OLP-143,ALFA ROMEO,Giulietta,"1,4"
OLP-143,FIAT,BRAVO,"1,4"
OLP-111,"FIATBRAVO1,4",FIAT,BRAVO
OLP-111,FIAT,BRAVO,"1,4"
AIP-1195,"VOLKSWAGENJETTA1,4VOLKSWAGENJETTA1,5VOLKSWAGENGOLF1,4VOLKSWAGENGOLF SPORTWAGEN1,8AUDIA3 35 TFSI1,4AUDIA31,5AUDIQ3 SPORTBACK MHEV1,5CupraFORMENTOR1,5",VOLKSWAGEN,JETTA
AIP-1195,VOLKSWAGEN,JETTA,"1,4"
AIP-1195,VOLKSWAGEN,JETTA,"1,5"
AIP-1195,VOLKSWAGEN,GOLF,"1,4"
AIP-1195,VOLKSWAGEN,GOLF SPORTWAGEN,"1,8"
AIP-1195,AUDI,A3 35 TFSI,"1,4"
AIP-1195,AUDI,A3,"1,5"
AIP-1195,AUDI,Q3 SPORTBACK MHEV,"1,5"
AIP-1195,Cupra,FORMENTOR,"1,5"
OLP-067,"SKODAFABIA III1,6SKODAYETI MPI1,6VOLKSWAGENGOL1VOLKSWAGENVOYAGE 8v1,6JEEPWRANGLER SPORT3,8FORDFIESTA1,3FORDFIESTA1,6FORDFOCUS2FORDFUSION2FORDECOSPORT2FORDECOSPORT2FORDECOSPORT AUT2FORDESCAPE2FORDESCAPE2,3VOLVOC301,8VOLVOC302VOLVOS402MAZDABT-50 Diesel2,5MAZDACX72,3MAZDACX72,5MAZDA5 ALL NEW2TOYOTA4 RUNNER4TOYOTAFJ CRUISER4TOYOTAFORTUNER2,7TOYOTAFORTUNER4TOYOTAFORTUNER Diesel3TOYOTAHIGHLANDER3,3TOYOTAHILUX2,7TOYOTAHILUX Diesel2,5TOYOTAHILUX Diesel3TOYOTALAND CRUISER 1004,7TOYOTAPRADO2,7TOYOTAPRADO2,7TOYOTAPRADO3,4TOYOTAPRADO4TOYOTAPRADO TX / TX-L Diesel3TOYOTASEQUOIA4,7TOYOTATUNDRA4TOYOTATUNDRA4,7TOYOTATUNDRA4,7TOYOTA4 RUNNER3,4SKODAFELICIA1,3TOYOTALAND CRUISER 2004,6CHERYFULWIN1,5JINBEIHAISE2,5VOLKSWAGENGOL1,6FORDESCAPE2,5AUDIQ3 TFSI1,4AUDIA1 TFSI.1,4AUDIA3 TFSI1,2CHERYTIGGO T31,6SKODAOCTAVIA III TSI1,4TOYOTALAND CRUISER 78/794TOYOTALAND CRUISER 1004,2TOYOTALAND CRUISER 2004,7VOLKSWAGENCROSSFOX1,6VOLKSWAGENCROSSFOX1,6VOLKSWAGENFOX1,6VOLKSWAGENGOLF1,4VOLKSWAGENGOLF1,6VOLKSWAGENPOLO1,6VOLKSWAGENSAVEIRO1,6VOLKSWAGENSAVEIRO 16v1,6LEXUSGX4704,7FREIGHTLINERCASCADIA15FREIGHTLINERCASCADIA12,8FREIGHTLINER114 SD12,8INTERNATIONAL9900I15INTERNATIONALPROSTAR15INTERNATIONALHV 6079KENWORTHT600Todos MotoresKENWORTHT660Todos MotoresKENWORTHT800 ISX 15 Lts15KENWORTHT800 ISM 11 EURO V10,8KENWORTHT68014,9KENWORTHT460 ISM10,8KENWORTHT880 X1514,9KENWORTHT370 ISB 6.76,7MACKGR 64BX12,8MACKANTHEM12,8MACKCXU613E VISION12,8MACKCXN613 VISION12MACKCH613 / CL71312TOYOTACAMRY3TOYOTACAMRY3TOYOTACAMRY3CATERPILLAR226BTodos MotoresDYNAPACCA1503,3JCB8035 ZTSTodos MotoresKOMATSUPC138-83,2NEW HOLLANDL140/L150/L160/L170/L1752,2FORDEXPLORER2,3FORDRANGER2,5MAZDA6 ALL NEW2,5TOYOTAPREVIA2,4TOYOTAAVALON3TOYOTASIENNA3TOYOTA4 RUNNER4,7TOYOTAPRADO TX / TX-L2,7LEXUSLX4704,7TOYOTATUNDRA3,4TOYOTATACOMA3,5TOYOTASUPRA3TOYOTAHILUX4TOYOTASEQUOIA4,7NEW HOLLANDC1752,2NEW HOLLANDL465/L565/LX465/LX485/LX565/LX6652,2GEHL650 / 7503,6GEHL4640 / 4840 / 5640 / 6640 t Series3,1GEHLR190 / RT210 / RT2503,3FREIGHTLINER114 SD Volqueta8,9BOMAGBW141AD-4 / BW141AD-4 AM / BW145D-5 / BW145DH-52,3BOMAGBW151AC-4 / BW151AC-4 AM / BW151AD-4 / BW151AD AM3,6BOMAGBW154AD-4 / BW154AD-4 AM3,3BOMAGBW177 / BW179 Series3,6LAND ROVERFREELANDER II2JOHN DEERE317Todos MotoresCHERYTIGGO T21,5CHERYTIGGO 41,5CHERYTIGGO 42CHERYTIGGO 51,5CHERYTIGGO 71,5CHERYTIGGO 7 PRO1,5CHERYTIGGO 8 PRO1,5TOYOTAHIGHLANDER HYBRID2,5TOYOTAGRAND HIGHLANDER HYBRID2,4VOLKSWAGENT-CROSS1,6VOLKSWAGENVIRTUS1FORDBRONCO SPORT1,5KENWORTHT800 FULLTodos MotoresFORDESCAPE HÍBRIDO2,5FORDEXPLORER2,3FORDBRONCO SPORT2TOYOTAPRADO TX / TX-L Diesel2,8VOLKSWAGENPOLO HIGHLINE1VOLKSWAGENPOLO GTS1,4TOYOTAHILUX2,4TOYOTALAND CRUISER PRADO2,8JetourX701,5JetourX70 PLUS1,6AUDIA3 35 TFSI1,4AUDIA31,5TOYOTAHILUX Diesel2,8KENWORTHT680Todos MotoresKENWORTHT660Todos MotoresAUDIQ2 TFSI1,4CHANGANCS151,5CHERYTIGGO 4 PRO1,5CHERYTIGGO 4 CSH1,5",SKODA,FABIA III
OLP-067,SKODA,FABIA III,"1,6"
OLP-067,SKODA,YETI MPI,"1,6"
OLP-067,VOLKSWAGEN,GOL,1
OLP-067,VOLKSWAGEN,VOYAGE 8v,"1,6"
OLP-067,JEEP,WRANGLER SPORT,"3,8"
OLP-067,FORD,FIESTA,"1,3"
OLP-067,FORD,FIESTA,"1,6"
OLP-067,FORD,FOCUS,2
OLP-067,FORD,FUSION,2
OLP-067,FORD,ECOSPORT,2
OLP-067,FORD,ECOSPORT,2
OLP-067,FORD,ECOSPORT AUT,2
OLP-067,FORD,ESCAPE,2
OLP-067,FORD,ESCAPE,"2,3"
OLP-067,VOLVO,C30,"1,8"
OLP-067,VOLVO,C30,2
OLP-067,VOLVO,S40,2
OLP-067,MAZDA,BT-50 Diesel,"2,5"
OLP-067,MAZDA,CX7,"2,3"
OLP-067,MAZDA,CX7,"2,5"
OLP-067,MAZDA,5 ALL NEW,2
OLP-067,TOYOTA,4 RUNNER,4
OLP-067,TOYOTA,FJ CRUISER,4
OLP-067,TOYOTA,FORTUNER,"2,7"
OLP-067,TOYOTA,FORTUNER,4
OLP-067,TOYOTA,FORTUNER Diesel,3
OLP-067,TOYOTA,HIGHLANDER,"3,3"
OLP-067,TOYOTA,HILUX,"2,7"
OLP-067,TOYOTA,HILUX Diesel,"2,5"
OLP-067,TOYOTA,HILUX Diesel,3
OLP-067,TOYOTA,LAND CRUISER 100,"4,7"
OLP-067,TOYOTA,PRADO,"2,7"
OLP-067,TOYOTA,PRADO,"2,7"
OLP-067,TOYOTA,PRADO,"3,4"
OLP-067,TOYOTA,PRADO,4
OLP-067,TOYOTA,PRADO TX / TX-L Diesel,3
OLP-067,TOYOTA,SEQUOIA,"4,7"
OLP-067,TOYOTA,TUNDRA,4
OLP-067,TOYOTA,TUNDRA,"4,7"
OLP-067,TOYOTA,TUNDRA,"4,7"
OLP-067,TOYOTA,4 RUNNER,"3,4"
OLP-067,SKODA,FELICIA,"1,3"
OLP-067,TOYOTA,LAND CRUISER 200,"4,6"
OLP-067,CHERY,FULWIN,"1,5"
OLP-067,JINBEI,HAISE,"2,5"
OLP-067,VOLKSWAGEN,GOL,"1,6"
OLP-067,FORD,ESCAPE,"2,5"
OLP-067,AUDI,Q3 TFSI,"1,4"
OLP-067,AUDI,A1 TFSI.,"1,4"
OLP-067,AUDI,A3 TFSI,"1,2"
OLP-067,CHERY,TIGGO T3,"1,6"
OLP-067,SKODA,OCTAVIA III TSI,"1,4"
OLP-067,TOYOTA,LAND CRUISER 78/79,4
OLP-067,TOYOTA,LAND CRUISER 100,"4,2"
OLP-067,TOYOTA,LAND CRUISER 200,"4,7"
OLP-067,VOLKSWAGEN,CROSSFOX,"1,6"
OLP-067,VOLKSWAGEN,CROSSFOX,"1,6"
OLP-067,VOLKSWAGEN,FOX,"1,6"
OLP-067,VOLKSWAGEN,GOLF,"1,4"
OLP-067,VOLKSWAGEN,GOLF,"1,6"
OLP-067,VOLKSWAGEN,POLO,"1,6"
OLP-067,VOLKSWAGEN,SAVEIRO,"1,6"
OLP-067,VOLKSWAGEN,SAVEIRO 16v,"1,6"
OLP-067,LEXUS,GX470,"4,7"
OLP-067,FREIGHTLINER,CASCADIA,15
OLP-067,FREIGHTLINER,CASCADIA,"12,8"
OLP-067,FREIGHTLINER,114 SD,"12,8"
OLP-067,INTERNATIONAL,9900I,15
OLP-067,INTERNATIONAL,PROSTAR,15
OLP-067,INTERNATIONAL,HV 607,9
OLP-067,KENWORTH,T600,Todos Motores
OLP-067,KENWORTH,T660,Todos Motores
OLP-067,KENWORTH,T800 ISX 15 Lts,15
OLP-067,KENWORTH,T800 ISM 11 EURO V,"10,8"
OLP-067,KENWORTH,T680,"14,9"
OLP-067,KENWORTH,T460 ISM,"10,8"
OLP-067,KENWORTH,T880 X15,"14,9"
OLP-067,KENWORTH,T370 ISB 6.7,"6,7"
OLP-067,MACK,GR 64BX,"12,8"
OLP-067,MACK,ANTHEM,"12,8"
OLP-067,MACK,CXU613E VISION,"12,8"
OLP-067,MACK,CXN613 VISION,12
OLP-067,MACK,CH613 / CL713,12
OLP-067,TOYOTA,CAMRY,3
OLP-067,TOYOTA,CAMRY,3
OLP-067,TOYOTA,CAMRY,3
OLP-067,CATERPILLAR,226B,Todos Motores
OLP-067,DYNAPAC,CA150,"3,3"
OLP-067,JCB,8035 ZTS,Todos Motores
OLP-067,KOMATSU,PC138-8,"3,2"
OLP-067,NEW HOLLAND,L140/L150/L160/L170/L175,"2,2"
OLP-067,FORD,EXPLORER,"2,3"
OLP-067,FORD,RANGER,"2,5"
OLP-067,MAZDA,6 ALL NEW,"2,5"
OLP-067,TOYOTA,PREVIA,"2,4"
OLP-067,TOYOTA,AVALON,3
OLP-067,TOYOTA,SIENNA,3
OLP-067,TOYOTA,4 RUNNER,"4,7"
OLP-067,TOYOTA,PRADO TX / TX-L,"2,7"
OLP-067,LEXUS,LX470,"4,7"
OLP-067,TOYOTA,TUNDRA,"3,4"
OLP-067,TOYOTA,TACOMA,"3,5"
OLP-067,TOYOTA,SUPRA,3
OLP-067,TOYOTA,HILUX,4
OLP-067,TOYOTA,SEQUOIA,"4,7"
OLP-067,NEW HOLLAND,C175,"2,2"
OLP-067,NEW HOLLAND,L465/L565/LX465/LX485/LX565/LX665,"2,2"
OLP-067,GEHL,650 / 750,"3,6"
OLP-067,GEHL,4640 / 4840 / 5640 / 6640 t Series,"3,1"
OLP-067,GEHL,R190 / RT210 / RT250,"3,3"
OLP-067,FREIGHTLINER,114 SD Volqueta,"8,9"
OLP-067,BOMAG,BW141AD-4 / BW141AD-4 AM / BW145D-5 / BW145DH-5,"2,3"
OLP-067,BOMAG,BW151AC-4 / BW151AC-4 AM / BW151AD-4 / BW151AD AM,"3,6"
OLP-067,BOMAG,BW154AD-4 / BW154AD-4 AM,"3,3"
OLP-067,BOMAG,BW177 / BW179 Series,"3,6"
OLP-067,LAND ROVER,FREELANDER II,2
OLP-067,JOHN DEERE,317,Todos Motores
OLP-067,CHERY,TIGGO T2,"1,5"
OLP-067,CHERY,TIGGO 4,"1,5"
OLP-067,CHERY,TIGGO 4,2
OLP-067,CHERY,TIGGO 5,"1,5"
OLP-067,CHERY,TIGGO 7,"1,5"
OLP-067,CHERY,TIGGO 7 PRO,"1,5"
OLP-067,CHERY,TIGGO 8 PRO,"1,5"
OLP-067,TOYOTA,HIGHLANDER HYBRID,"2,5"
OLP-067,TOYOTA,GRAND HIGHLANDER HYBRID,"2,4"
OLP-067,VOLKSWAGEN,T-CROSS,"1,6"
OLP-067,VOLKSWAGEN,VIRTUS,1
OLP-067,FORD,BRONCO SPORT,"1,5"
OLP-067,KENWORTH,T800 FULL,Todos Motores
OLP-067,FORD,ESCAPE HÍBRIDO,"2,5"
OLP-067,FORD,EXPLORER,"2,3"
OLP-067,FORD,BRONCO SPORT,2
OLP-067,TOYOTA,PRADO TX / TX-L Diesel,"2,8"
OLP-067,VOLKSWAGEN,POLO HIGHLINE,1
OLP-067,VOLKSWAGEN,POLO GTS,"1,4"
OLP-067,TOYOTA,HILUX,"2,4"
OLP-067,TOYOTA,LAND CRUISER PRADO,"2,8"
OLP-067,Jetour,X70,"1,5"
OLP-067,Jetour,X70 PLUS,"1,6"
OLP-067,AUDI,A3 35 TFSI,"1,4"
OLP-067,AUDI,A3,"1,5"
OLP-067,TOYOTA,HILUX Diesel,"2,8"
OLP-067,KENWORTH,T680,Todos Motores
OLP-067,KENWORTH,T660,Todos Motores
OLP-067,AUDI,Q2 TFSI,"1,4"
OLP-067,CHANGAN,CS15,"1,5"
OLP-067,CHERY,TIGGO 4 PRO,"1,5"
OLP-067,CHERY,TIGGO 4 CSH,"1,5"
ACP-129,"AUDIA3 TFSI1,2AUDIA3 TFSI2AUDITT TFSI2SEATLEON III TSI1,8VOLKSWAGENGOLF1,4VOLKSWAGENGOLF1,6VOLKSWAGENGOLF GTI2VOLKSWAGENTIGUAN1,4SEATLEON III TSI2VOLKSWAGENTIGUAN2VOLKSWAGENCRAFTER2AUDIQ3 TFSI2VOLKSWAGENJETTA2SEATATECA TDI2SEATTARRACO1,4SKODAOCTAVIA III TSI1,4SKODAKODIAQ TSI2AUDIQ2 TFSI1,4AUDIQ21AUDIQ22AUDIQ3 TFSI2VOLKSWAGENTERAMONT3,6VOLKSWAGENTAOS1,4SEATATECA1,4AUDIS32SEATLEON III TSI1,6AUDIQ3 TFSI1,4CupraFORMENTOR2AUDIA3 35 TFSI1,4VOLKSWAGENTERAMONT2VOLKSWAGENJETTA1,4AUDIA31,5AUDIQ3 SPORTBACK MHEV1,5AUDIRS3 TFSI2,5CupraFORMENTOR1,4CupraFORMENTOR1,5CupraTERRAMAR1,5",AUDI,A3 TFSI
ACP-129,AUDI,A3 TFSI,"1,2"
ACP-129,AUDI,A3 TFSI,2
ACP-129,AUDI,TT TFSI,2
ACP-129,SEAT,LEON III TSI,"1,8"
ACP-129,VOLKSWAGEN,GOLF,"1,4"
ACP-129,VOLKSWAGEN,GOLF,"1,6"
ACP-129,VOLKSWAGEN,GOLF GTI,2
ACP-129,VOLKSWAGEN,TIGUAN,"1,4"
ACP-129,SEAT,LEON III TSI,2
ACP-129,VOLKSWAGEN,TIGUAN,2
ACP-129,VOLKSWAGEN,CRAFTER,2
ACP-129,AUDI,Q3 TFSI,2
ACP-129,VOLKSWAGEN,JETTA,2
ACP-129,SEAT,ATECA TDI,2
ACP-129,SEAT,TARRACO,"1,4"
ACP-129,SKODA,OCTAVIA III TSI,"1,4"
ACP-129,SKODA,KODIAQ TSI,2
ACP-129,AUDI,Q2 TFSI,"1,4"
ACP-129,AUDI,Q2,1
ACP-129,AUDI,Q2,2
ACP-129,AUDI,Q3 TFSI,2
ACP-129,VOLKSWAGEN,TERAMONT,"3,6"
ACP-129,VOLKSWAGEN,TAOS,"1,4"
ACP-129,SEAT,ATECA,"1,4"
ACP-129,AUDI,S3,2
ACP-129,SEAT,LEON III TSI,"1,6"
ACP-129,AUDI,Q3 TFSI,"1,4"
ACP-129,Cupra,FORMENTOR,2
ACP-129,AUDI,A3 35 TFSI,"1,4"
ACP-129,VOLKSWAGEN,TERAMONT,2
ACP-129,VOLKSWAGEN,JETTA,"1,4"
ACP-129,AUDI,A3,"1,5"
ACP-129,AUDI,Q3 SPORTBACK MHEV,"1,5"
ACP-129,AUDI,RS3 TFSI,"2,5"
ACP-129,Cupra,FORMENTOR,"1,4"
ACP-129,Cupra,FORMENTOR,"1,5"
ACP-129,Cupra,TERRAMAR,"1,5"
AIP-1037,"AUDIA1 TFSI.1,4AUDIA3 TFSI1,2VOLKSWAGENGOLF1,4VOLKSWAGENTIGUAN1,4SEATIBIZA TSI1,4SEATTARRACO1,4SKODAOCTAVIA III TSI1,4AUDIQ2 TFSI1,4VOLKSWAGENTAOS1,4SEATATECA1,4VOLKSWAGENPOLO GTS1,4AUDIQ3 TFSI1,4CupraFORMENTOR1,4",AUDI,A1 TFSI.
AIP-1037,AUDI,A1 TFSI.,"1,4"
AIP-1037,AUDI,A3 TFSI,"1,2"
AIP-1037,VOLKSWAGEN,GOLF,"1,4"
AIP-1037,VOLKSWAGEN,TIGUAN,"1,4"
AIP-1037,SEAT,IBIZA TSI,"1,4"
AIP-1037,SEAT,TARRACO,"1,4"
AIP-1037,SKODA,OCTAVIA III TSI,"1,4"
AIP-1037,AUDI,Q2 TFSI,"1,4"
AIP-1037,VOLKSWAGEN,TAOS,"1,4"
AIP-1037,SEAT,ATECA,"1,4"
AIP-1037,VOLKSWAGEN,POLO GTS,"1,4"
AIP-1037,AUDI,Q3 TFSI,"1,4"
AIP-1037,Cupra,FORMENTOR,"1,4"
OLP-XT-067,"AUDIA1 TFSI.1,4AUDIA3 TFSI1,2SKODAFABIA III1,6SKODAYETI MPI1,6VOLKSWAGENCROSSFOX1,6VOLKSWAGENGOLF1,4VOLKSWAGENGOLF1,6VOLKSWAGENCROSS UP1VOLKSWAGENTIGUAN1,4FORDESCAPE2FORDEDGE2VOLVOV40 T41,6VOLVOS601,6VOLVOS602VOLVOXC602TOYOTAFORTUNER SW42,7TOYOTAFORTUNER SW42,4TOYOTAFORTUNER SW42,8TOYOTAHILUX2,7TOYOTAHILUX Diesel2,4TOYOTAHILUX Diesel2,8TOYOTAPRADO TX / TX-L Diesel3TOYOTALAND CRUISER 2004,6CHERYFULWIN II1,5VOLKSWAGENGOL1,6CHERYA131,5VOLKSWAGENJETTA1,4AUDIQ3 TFSI1,4FORDFUSION2CHERYARRIZO1,5CHERYTIGGO T21,5CHERYTIGGO 51,5FORDECOSPORT1,5FORDECOSPORT2SEATARONA1,6VOLKSWAGENVIRTUS1,6CHERYTIGGO T31,6SEATIBIZA TSI1,4SEATIBIZA V1,6SEATLEON III TSI1,6SEATTARRACO1,4SKODAOCTAVIA III TSI1,4FORDESCAPE HÍBRIDO2,5FORDFIESTA1,6FORDFOCUS2TOYOTAHILUX4TOYOTALAND CRUISER 78/794TOYOTAPRADO TX / TX-L Diesel2,8VOLKSWAGENFOX1,6VOLKSWAGENGOL 16v1,6VOLKSWAGENPOLO1,6VOLKSWAGENSAVEIRO1,6VOLKSWAGENSAVEIRO 16v1,6VOLKSWAGENT-CROSS1,6VOLKSWAGENT-CROSS1LEXUSGX4704,7AUDIQ2 TFSI1,4AUDIQ21VOLKSWAGENTAOS1,4FORDEXPLORER2,3SEATATECA1,4JEEPWRANGLER SPORT3,8SKODARAPID1,6TOYOTAPRADO TX / TX-L2,7TOYOTAFORTUNER SW44VOLKSWAGENVOYAGE 8v1,6VOLKSWAGENVOYAGE 16v1,6FORDRANGER2,5FORDESCAPE1,5VOLKSWAGENNIVUS1CHERYTIGGO 41,5CHERYTIGGO 42CHERYTIGGO 4 PRO1,5CHERYTIGGO 71,5CHERYTIGGO 7 PRO1,5TOYOTAHIGHLANDER HYBRID2,5TOYOTAGRAND HIGHLANDER HYBRID2,4VOLKSWAGENVIRTUS1FORDBRONCO SPORT2CHANGANCS151,5AUDIA3 35 TFSI1,4FORDEXPLORER2,3FORDBRONCO SPORT1,5VOLKSWAGENPOLO HIGHLINE1VOLKSWAGENPOLO GTS1,4TOYOTAHILUX DIESEL EURO VI2,4TOYOTAPRADO TX / TX-L Diesel EURO VI2,8JetourX701,5JetourX70 PLUS1,6CHERYTIGGO 4 CSH1,5",AUDI,A1 TFSI.
OLP-XT-067,AUDI,A1 TFSI.,"1,4"
OLP-XT-067,AUDI,A3 TFSI,"1,2"
OLP-XT-067,SKODA,FABIA III,"1,6"
OLP-XT-067,SKODA,YETI MPI,"1,6"
OLP-XT-067,VOLKSWAGEN,CROSSFOX,"1,6"
OLP-XT-067,VOLKSWAGEN,GOLF,"1,4"
OLP-XT-067,VOLKSWAGEN,GOLF,"1,6"
OLP-XT-067,VOLKSWAGEN,CROSS UP,1
OLP-XT-067,VOLKSWAGEN,TIGUAN,"1,4"
OLP-XT-067,FORD,ESCAPE,2
OLP-XT-067,FORD,EDGE,2
OLP-XT-067,VOLVO,V40 T4,"1,6"
OLP-XT-067,VOLVO,S60,"1,6"
OLP-XT-067,VOLVO,S60,2
OLP-XT-067,VOLVO,XC60,2
OLP-XT-067,TOYOTA,FORTUNER SW4,"2,7"
OLP-XT-067,TOYOTA,FORTUNER SW4,"2,4"
OLP-XT-067,TOYOTA,FORTUNER SW4,"2,8"
OLP-XT-067,TOYOTA,HILUX,"2,7"
OLP-XT-067,TOYOTA,HILUX Diesel,"2,4"
OLP-XT-067,TOYOTA,HILUX Diesel,"2,8"
OLP-XT-067,TOYOTA,PRADO TX / TX-L Diesel,3
OLP-XT-067,TOYOTA,LAND CRUISER 200,"4,6"
OLP-XT-067,CHERY,FULWIN II,"1,5"
OLP-XT-067,VOLKSWAGEN,GOL,"1,6"
OLP-XT-067,CHERY,A13,"1,5"
OLP-XT-067,VOLKSWAGEN,JETTA,"1,4"
OLP-XT-067,AUDI,Q3 TFSI,"1,4"
OLP-XT-067,FORD,FUSION,2
OLP-XT-067,CHERY,ARRIZO,"1,5"
OLP-XT-067,CHERY,TIGGO T2,"1,5"
OLP-XT-067,CHERY,TIGGO 5,"1,5"
OLP-XT-067,FORD,ECOSPORT,"1,5"
OLP-XT-067,FORD,ECOSPORT,2
OLP-XT-067,SEAT,ARONA,"1,6"
OLP-XT-067,VOLKSWAGEN,VIRTUS,"1,6"
OLP-XT-067,CHERY,TIGGO T3,"1,6"
OLP-XT-067,SEAT,IBIZA TSI,"1,4"
OLP-XT-067,SEAT,IBIZA V,"1,6"
OLP-XT-067,SEAT,LEON III TSI,"1,6"
OLP-XT-067,SEAT,TARRACO,"1,4"
OLP-XT-067,SKODA,OCTAVIA III TSI,"1,4"
OLP-XT-067,FORD,ESCAPE HÍBRIDO,"2,5"
OLP-XT-067,FORD,FIESTA,"1,6"
OLP-XT-067,FORD,FOCUS,2
OLP-XT-067,TOYOTA,HILUX,4
OLP-XT-067,TOYOTA,LAND CRUISER 78/79,4
OLP-XT-067,TOYOTA,PRADO TX / TX-L Diesel,"2,8"
OLP-XT-067,VOLKSWAGEN,FOX,"1,6"
OLP-XT-067,VOLKSWAGEN,GOL 16v,"1,6"
OLP-XT-067,VOLKSWAGEN,POLO,"1,6"
OLP-XT-067,VOLKSWAGEN,SAVEIRO,"1,6"
OLP-XT-067,VOLKSWAGEN,SAVEIRO 16v,"1,6"
OLP-XT-067,VOLKSWAGEN,T-CROSS,"1,6"
OLP-XT-067,VOLKSWAGEN,T-CROSS,1
OLP-XT-067,LEXUS,GX470,"4,7"
OLP-XT-067,AUDI,Q2 TFSI,"1,4"
OLP-XT-067,AUDI,Q2,1
OLP-XT-067,VOLKSWAGEN,TAOS,"1,4"
OLP-XT-067,FORD,EXPLORER,"2,3"
OLP-XT-067,SEAT,ATECA,"1,4"
OLP-XT-067,JEEP,WRANGLER SPORT,"3,8"
OLP-XT-067,SKODA,RAPID,"1,6"
OLP-XT-067,TOYOTA,PRADO TX / TX-L,"2,7"
OLP-XT-067,TOYOTA,FORTUNER SW4,4
OLP-XT-067,VOLKSWAGEN,VOYAGE 8v,"1,6"
OLP-XT-067,VOLKSWAGEN,VOYAGE 16v,"1,6"
OLP-XT-067,FORD,RANGER,"2,5"
OLP-XT-067,FORD,ESCAPE,"1,5"
OLP-XT-067,VOLKSWAGEN,NIVUS,1
OLP-XT-067,CHERY,TIGGO 4,"1,5"
OLP-XT-067,CHERY,TIGGO 4,2
OLP-XT-067,CHERY,TIGGO 4 PRO,"1,5"
OLP-XT-067,CHERY,TIGGO 7,"1,5"
OLP-XT-067,CHERY,TIGGO 7 PRO,"1,5"
OLP-XT-067,TOYOTA,HIGHLANDER HYBRID,"2,5"
OLP-XT-067,TOYOTA,GRAND HIGHLANDER HYBRID,"2,4"
OLP-XT-067,VOLKSWAGEN,VIRTUS,1
OLP-XT-067,FORD,BRONCO SPORT,2
OLP-XT-067,CHANGAN,CS15,"1,5"
OLP-XT-067,AUDI,A3 35 TFSI,"1,4"
OLP-XT-067,FORD,EXPLORER,"2,3"
OLP-XT-067,FORD,BRONCO SPORT,"1,5"
OLP-XT-067,VOLKSWAGEN,POLO HIGHLINE,1
OLP-XT-067,VOLKSWAGEN,POLO GTS,"1,4"
OLP-XT-067,TOYOTA,HILUX DIESEL EURO VI,"2,4"
OLP-XT-067,TOYOTA,PRADO TX / TX-L Diesel EURO VI,"2,8"
OLP-XT-067,Jetour,X70,"1,5"
OLP-XT-067,Jetour,X70 PLUS,"1,6"
OLP-XT-067,CHERY,TIGGO 4 CSH,"1,5"
OLP-109,"AUDIA3 FSI2AUDIA3 TFSI2AUDIA4 TFSI2AUDITT TFSI2SEATLEON II TFSI CUPRA2SKODAOCTAVIA II FSI2VOLKSWAGENGOLF GTI2VOLKSWAGENNEWBEETLE SPORT2,5VOLKSWAGENBEETLE2,5VOLKSWAGENJETTA2,5VOLKSWAGENBORA2VOLKSWAGENBORA2,5VOLKSWAGENAMAROK3VOLKSWAGENPASSAT2,5VOLKSWAGENBEETLE2,5VOLVOXC602VOLVOS602,4VOLVOXC702,4AUDIRS3 TFSI2,5",AUDI,A3 FSI
OLP-109,AUDI,A3 FSI,2
OLP-109,AUDI,A3 TFSI,2
OLP-109,AUDI,A4 TFSI,2
OLP-109,AUDI,TT TFSI,2
OLP-109,SEAT,LEON II TFSI CUPRA,2
OLP-109,SKODA,OCTAVIA II FSI,2
OLP-109,VOLKSWAGEN,GOLF GTI,2
OLP-109,VOLKSWAGEN,NEWBEETLE SPORT,"2,5"
OLP-109,VOLKSWAGEN,BEETLE,"2,5"
OLP-109,VOLKSWAGEN,JETTA,"2,5"
OLP-109,VOLKSWAGEN,BORA,2
OLP-109,VOLKSWAGEN,BORA,"2,5"
OLP-109,VOLKSWAGEN,AMAROK,3
OLP-109,VOLKSWAGEN,PASSAT,"2,5"
OLP-109,VOLKSWAGEN,BEETLE,"2,5"
OLP-109,VOLVO,XC60,2
OLP-109,VOLVO,S60,"2,4"
OLP-109,VOLVO,XC70,"2,4"
OLP-109,AUDI,RS3 TFSI,"2,5"
OLP-124,"AUDIA3 TFSI2AUDIA4 TFSI1,8AUDIA5 TFSI1,8AUDIA5 TFSI2AUDITT TFSI2SEATLEON III TSI1,8VOLKSWAGENGOLF GTI2SEATLEON III TSI2VOLKSWAGENTIGUAN2AUDIQ3 TFSI2VOLKSWAGENJETTA2SKODAKODIAQ TSI2AUDIQ3 TFSI2PORSCHEMACAN2AUDIS32AUDIQ5 TFSI2AUDIA62AUDIQ7 TFSI2CupraFORMENTOR2NISSANFRONTIER NP300 Diesel2,3AUDIA4 TFSI MHEV2AUDIQ5 TFSI2VOLKSWAGENTERAMONT2",AUDI,A3 TFSI
OLP-124,AUDI,A3 TFSI,2
OLP-124,AUDI,A4 TFSI,"1,8"
OLP-124,AUDI,A5 TFSI,"1,8"
OLP-124,AUDI,A5 TFSI,2
OLP-124,AUDI,TT TFSI,2
OLP-124,SEAT,LEON III TSI,"1,8"
OLP-124,VOLKSWAGEN,GOLF GTI,2
OLP-124,SEAT,LEON III TSI,2
OLP-124,VOLKSWAGEN,TIGUAN,2
OLP-124,AUDI,Q3 TFSI,2
OLP-124,VOLKSWAGEN,JETTA,2
OLP-124,SKODA,KODIAQ TSI,2
OLP-124,AUDI,Q3 TFSI,2
OLP-124,PORSCHE,MACAN,2
OLP-124,AUDI,S3,2
OLP-124,AUDI,Q5 TFSI,2
OLP-124,AUDI,A6,2
OLP-124,AUDI,Q7 TFSI,2
OLP-124,Cupra,FORMENTOR,2
OLP-124,NISSAN,FRONTIER NP300 Diesel,"2,3"
OLP-124,AUDI,A4 TFSI MHEV,2
OLP-124,AUDI,Q5 TFSI,2
OLP-124,VOLKSWAGEN,TERAMONT,2
AIP-991,"AUDIA3 TFSI2AUDITT TFSI2SEATLEON III TSI1,8VOLKSWAGENGOLF GTI2SEATLEON III TSI2VOLKSWAGENTIGUAN2AUDIQ3 TFSI2VOLKSWAGENJETTA2SEATATECA TDI2SKODAKODIAQ TSI2AUDIQ22AUDIS32CupraFORMENTOR2",AUDI,A3 TFSI
AIP-991,AUDI,A3 TFSI,2
AIP-991,AUDI,TT TFSI,2
AIP-991,SEAT,LEON III TSI,"1,8"
AIP-991,VOLKSWAGEN,GOLF GTI,2
AIP-991,SEAT,LEON III TSI,2
AIP-991,VOLKSWAGEN,TIGUAN,2
AIP-991,AUDI,Q3 TFSI,2
AIP-991,VOLKSWAGEN,JETTA,2
AIP-991,SEAT,ATECA TDI,2
AIP-991,SKODA,KODIAQ TSI,2
AIP-991,AUDI,Q2,2
AIP-991,AUDI,S3,2
AIP-991,Cupra,FORMENTOR,2
OLP-139,VOLKSWAGENCRAFTER2SEATATECA TDI2AUDIQ22AUDIQ5 TDI2VOLKSWAGENGOLF SPORTWAGEN2,VOLKSWAGEN,CRAFTER
OLP-139,VOLKSWAGEN,CRAFTER,2
OLP-139,SEAT,ATECA TDI,2
OLP-139,AUDI,Q2,2
OLP-139,AUDI,Q5 TDI,2
OLP-139,VOLKSWAGEN,GOLF SPORTWAGEN,2
ACP-092,"AUDIA3 TFSI1,8AUDIA3 FSI2AUDIA3 TFSI2AUDIA3 TFSI2AUDITT T1,8AUDITT TFSI2AUDIQ3 TFSI1,4AUDIQ3 TFSI2SEATALTEA TFSI1,8SEATLEON II1,6SEATLEON II TFSI1,8SEATLEON II TFSI CUPRA2SKODAYETI MPI1,6SKODAYETI TSI1,8SKODAOCTAVIA II FSI2VOLKSWAGENGOLF GTI2VOLKSWAGENBEETLE2,5VOLKSWAGENJETTA2,5VOLKSWAGENBORA2VOLKSWAGENBORA2,5VOLKSWAGENTIGUAN2VOLKSWAGENTIGUAN2SEATLEON II TFSI2SKODAOCTAVIA II1,6SKODAOCTAVIA II TSI1,8VOLKSWAGENBORA2VOLKSWAGENGOLF GTI2VOLKSWAGENJETTA2AUDIQ3 TDI2VOLKSWAGENPASSAT2,5VOLKSWAGENPASSAT2AUDIA31,6AUDIA3 TFSI1,4",AUDI,A3 TFSI
ACP-092,AUDI,A3 TFSI,"1,8"
ACP-092,AUDI,A3 FSI,2
ACP-092,AUDI,A3 TFSI,2
ACP-092,AUDI,A3 TFSI,2
ACP-092,AUDI,TT T,"1,8"
ACP-092,AUDI,TT TFSI,2
ACP-092,AUDI,Q3 TFSI,"1,4"
ACP-092,AUDI,Q3 TFSI,2
ACP-092,SEAT,ALTEA TFSI,"1,8"
ACP-092,SEAT,LEON II,"1,6"
ACP-092,SEAT,LEON II TFSI,"1,8"
ACP-092,SEAT,LEON II TFSI CUPRA,2
ACP-092,SKODA,YETI MPI,"1,6"
ACP-092,SKODA,YETI TSI,"1,8"
ACP-092,SKODA,OCTAVIA II FSI,2
ACP-092,VOLKSWAGEN,GOLF GTI,2
ACP-092,VOLKSWAGEN,BEETLE,"2,5"
ACP-092,VOLKSWAGEN,JETTA,"2,5"
ACP-092,VOLKSWAGEN,BORA,2
ACP-092,VOLKSWAGEN,BORA,"2,5"
ACP-092,VOLKSWAGEN,TIGUAN,2
ACP-092,VOLKSWAGEN,TIGUAN,2
ACP-092,SEAT,LEON II TFSI,2
ACP-092,SKODA,OCTAVIA II,"1,6"
ACP-092,SKODA,OCTAVIA II TSI,"1,8"
ACP-092,VOLKSWAGEN,BORA,2
ACP-092,VOLKSWAGEN,GOLF GTI,2
ACP-092,VOLKSWAGEN,JETTA,2
ACP-092,AUDI,Q3 TDI,2
ACP-092,VOLKSWAGEN,PASSAT,"2,5"
ACP-092,VOLKSWAGEN,PASSAT,2
ACP-092,AUDI,A3,"1,6"
ACP-092,AUDI,A3 TFSI,"1,4"
AIP-943,"AUDIA3 TFSI1,8AUDIA3 TFSI2AUDITT T1,8AUDIQ3 TFSI2SEATALTEA TFSI1,8SEATLEON II TFSI1,8SKODAYETI TSI1,8VOLKSWAGENGOLF GTI2VOLKSWAGENTIGUAN2VOLKSWAGENJETTA2VOLKSWAGENTIGUAN2SEATLEON II TFSI2SKODAOCTAVIA II TSI1,8VOLKSWAGENBORA2AUDIQ3 TFSI2AUDIQ3 TDI2AUDITT TFSI2VOLKSWAGENPASSAT2VOLKSWAGENPASSAT1,8VOLKSWAGENPASSAT2",AUDI,A3 TFSI
AIP-943,AUDI,A3 TFSI,"1,8"
AIP-943,AUDI,A3 TFSI,2
AIP-943,AUDI,TT T,"1,8"
AIP-943,AUDI,Q3 TFSI,2
AIP-943,SEAT,ALTEA TFSI,"1,8"
AIP-943,SEAT,LEON II TFSI,"1,8"
AIP-943,SKODA,YETI TSI,"1,8"
AIP-943,VOLKSWAGEN,GOLF GTI,2
AIP-943,VOLKSWAGEN,TIGUAN,2
AIP-943,VOLKSWAGEN,JETTA,2
AIP-943,VOLKSWAGEN,TIGUAN,2
AIP-943,SEAT,LEON II TFSI,2
AIP-943,SKODA,OCTAVIA II TSI,"1,8"
AIP-943,VOLKSWAGEN,BORA,2
AIP-943,AUDI,Q3 TFSI,2
AIP-943,AUDI,Q3 TDI,2
AIP-943,AUDI,TT TFSI,2
AIP-943,VOLKSWAGEN,PASSAT,2
AIP-943,VOLKSWAGEN,PASSAT,"1,8"
AIP-943,VOLKSWAGEN,PASSAT,2
OLP-XT-113,"AUDIA3 TFSI1,8AUDIA3 TFSI2AUDIA5 TFSI2AUDITT T1,8AUDIQ3 TFSI2SEATALTEA TFSI1,8SKODAYETI TSI1,8GREAT WALLHAVAL H92VOLKSWAGENGOLF GTI2VOLKSWAGENTIGUAN2AUDIQ5 TFSI2",AUDI,A3 TFSI
OLP-XT-113,AUDI,A3 TFSI,"1,8"
OLP-XT-113,AUDI,A3 TFSI,2
OLP-XT-113,AUDI,A5 TFSI,2
OLP-XT-113,AUDI,TT T,"1,8"
OLP-XT-113,AUDI,Q3 TFSI,2
OLP-XT-113,SEAT,ALTEA TFSI,"1,8"
OLP-XT-113,SKODA,YETI TSI,"1,8"
OLP-XT-113,GREAT WALL,HAVAL H9,2
OLP-XT-113,VOLKSWAGEN,GOLF GTI,2
OLP-XT-113,VOLKSWAGEN,TIGUAN,2
OLP-XT-113,AUDI,Q5 TFSI,2
AIP-925,"AUDIA4 TFSI1,8AUDIA4 TFSI1,8AUDIA4 TFSI2AUDIA5 TFSI1,8AUDIA5 TFSI2AUDIQ5 TFSI2AUDIQ5 TDI2",AUDI,A4 TFSI
AIP-925,AUDI,A4 TFSI,"1,8"
AIP-925,AUDI,A4 TFSI,"1,8"
AIP-925,AUDI,A4 TFSI,2
AIP-925,AUDI,A5 TFSI,"1,8"
AIP-925,AUDI,A5 TFSI,2
AIP-925,AUDI,Q5 TFSI,2
AIP-925,AUDI,Q5 TDI,2
ACP-126K,"AUDIA4 TFSI1,8AUDIA4 TFSI2AUDIA5 TFSI1,8AUDIA5 TFSI2AUDIQ5 TFSI2AUDIQ5 TDI2AUDIA4 TFSI1,8AUDIQ5 FSI3,2AUDIQ5 TDI3AUDIQ5 TFSI3PORSCHEMACAN2AUDIA53AUDIA53,2",AUDI,A4 TFSI
ACP-126K,AUDI,A4 TFSI,"1,8"
ACP-126K,AUDI,A4 TFSI,2
ACP-126K,AUDI,A5 TFSI,"1,8"
ACP-126K,AUDI,A5 TFSI,2
ACP-126K,AUDI,Q5 TFSI,2
ACP-126K,AUDI,Q5 TDI,2
ACP-126K,AUDI,A4 TFSI,"1,8"
ACP-126K,AUDI,Q5 FSI,"3,2"
ACP-126K,AUDI,Q5 TDI,3
ACP-126K,AUDI,Q5 TFSI,3
ACP-126K,PORSCHE,MACAN,2
ACP-126K,AUDI,A5,3
ACP-126K,AUDI,A5,"3,2"
OLP-113,"AUDIA3 TFSI1,8AUDIA3 TFSI2AUDIA4 TFSI1,8AUDIA4 TFSI2AUDIA5 TFSI2AUDITT T1,8AUDIQ3 TFSI2AUDIQ5 TFSI2SEATLEON II TFSI1,8SKODAYETI TSI1,8VOLKSWAGENGOLF GTI2VOLKSWAGENJETTA2VOLKSWAGENTIGUAN2SEATALTEA TFSI1,8SEATLEON II TFSI2SKODAOCTAVIA II TSI1,8VOLKSWAGENBORA2",AUDI,A3 TFSI
OLP-113,AUDI,A3 TFSI,"1,8"
OLP-113,AUDI,A3 TFSI,2
OLP-113,AUDI,A4 TFSI,"1,8"
OLP-113,AUDI,A4 TFSI,2
OLP-113,AUDI,A5 TFSI,2
OLP-113,AUDI,TT T,"1,8"
OLP-113,AUDI,Q3 TFSI,2
OLP-113,AUDI,Q5 TFSI,2
OLP-113,SEAT,LEON II TFSI,"1,8"
OLP-113,SKODA,YETI TSI,"1,8"
OLP-113,VOLKSWAGEN,GOLF GTI,2
OLP-113,VOLKSWAGEN,JETTA,2
OLP-113,VOLKSWAGEN,TIGUAN,2
OLP-113,SEAT,ALTEA TFSI,"1,8"
OLP-113,SEAT,LEON II TFSI,2
OLP-113,SKODA,OCTAVIA II TSI,"1,8"
OLP-113,VOLKSWAGEN,BORA,2
OLP-144,"AUDIQ5 FSI3,2AUDIQ7 TFSI3AUDIQ5 TFSI3PORSCHECAYENNE3AUDIA43AUDIA43,2AUDIA4 QUATRO1,8AUDIA63AUDIA62,8AUDIA63,2AUDIA6 QUATRO3AUDIA73AUDIA7 QUATRO3AUDIA53,2",AUDI,Q5 FSI
OLP-144,AUDI,Q5 FSI,"3,2"
OLP-144,AUDI,Q7 TFSI,3
OLP-144,AUDI,Q5 TFSI,3
OLP-144,PORSCHE,CAYENNE,3
OLP-144,AUDI,A4,3
OLP-144,AUDI,A4,"3,2"
OLP-144,AUDI,A4 QUATRO,"1,8"
OLP-144,AUDI,A6,3
OLP-144,AUDI,A6,"2,8"
OLP-144,AUDI,A6,"3,2"
OLP-144,AUDI,A6 QUATRO,3
OLP-144,AUDI,A7,3
OLP-144,AUDI,A7 QUATRO,3
OLP-144,AUDI,A5,"3,2"
OLP-097,AUDIQ5 TDI2VOLKSWAGENAMAROK2VOLKSWAGENCRAFTER2VOLKSWAGENTRANSPORTER2VOLKSWAGENTIGUAN2AUDIQ3 TDI2,AUDI,Q5 TDI
OLP-097,AUDI,Q5 TDI,2
OLP-097,VOLKSWAGEN,AMAROK,2
OLP-097,VOLKSWAGEN,CRAFTER,2
OLP-097,VOLKSWAGEN,TRANSPORTER,2
OLP-097,VOLKSWAGEN,TIGUAN,2
OLP-097,AUDI,Q3 TDI,2
OLP-051,"AUDIQ5 TDI2VOLKSWAGENTRANSPORTER1,9VOLKSWAGENTOUAREG2,5",AUDI,Q5 TDI
OLP-051,AUDI,Q5 TDI,2
OLP-051,VOLKSWAGEN,TRANSPORTER,"1,9"
OLP-051,VOLKSWAGEN,TOUAREG,"2,5"
OLP-096,"AUDIQ7 TDI3VOLKSWAGENTOUAREG3AUDIQ5 TDI3AUDIQ7 TDI4,2PORSCHECAYENNE3AUDIA53",AUDI,Q7 TDI
OLP-096,AUDI,Q7 TDI,3
OLP-096,VOLKSWAGEN,TOUAREG,3
OLP-096,AUDI,Q5 TDI,3
OLP-096,AUDI,Q7 TDI,"4,2"
OLP-096,PORSCHE,CAYENNE,3
OLP-096,AUDI,A5,3
AIP-842,"PORSCHECAYENNE3,2PORSCHEBOXSTER2,7PORSCHEBOXSTER3,4PORSCHEBOXSTER2,9PORSCHEBOXSTER S2,9PORSCHEBOXSTER S2,7PORSCHEBOXSTER S3,4PORSCHECAYENNE4,8PORSCHECAYENNE3,6PORSCHECAYENNE3PORSCHECAYENNE4,5PORSCHECAYENNE3PORSCHECAYMAN3,4PORSCHECAYMAN2,7PORSCHECAYMAN2,9PORSCHEPANAMERA3,6AUDIQ7 TFSI3AUDIQ7 TDI3VOLKSWAGENTOUAREG3VOLKSWAGENTOUAREG2,5VOLKSWAGENTOUAREG3,2VOLKSWAGENTOUAREG4,2AUDIQ74,2AUDIQ73,6AUDIQ7 TDI4,2",PORSCHE,CAYENNE
AIP-842,PORSCHE,CAYENNE,"3,2"
AIP-842,PORSCHE,BOXSTER,"2,7"
AIP-842,PORSCHE,BOXSTER,"3,4"
AIP-842,PORSCHE,BOXSTER,"2,9"
AIP-842,PORSCHE,BOXSTER S,"2,9"
AIP-842,PORSCHE,BOXSTER S,"2,7"
AIP-842,PORSCHE,BOXSTER S,"3,4"
AIP-842,PORSCHE,CAYENNE,"4,8"
AIP-842,PORSCHE,CAYENNE,"3,6"
AIP-842,PORSCHE,CAYENNE,3
AIP-842,PORSCHE,CAYENNE,"4,5"
AIP-842,PORSCHE,CAYENNE,3
AIP-842,PORSCHE,CAYMAN,"3,4"
AIP-842,PORSCHE,CAYMAN,"2,7"
AIP-842,PORSCHE,CAYMAN,"2,9"
AIP-842,PORSCHE,PANAMERA,"3,6"
AIP-842,AUDI,Q7 TFSI,3
AIP-842,AUDI,Q7 TDI,3
AIP-842,VOLKSWAGEN,TOUAREG,3
AIP-842,VOLKSWAGEN,TOUAREG,"2,5"
AIP-842,VOLKSWAGEN,TOUAREG,"3,2"
AIP-842,VOLKSWAGEN,TOUAREG,"4,2"
AIP-842,AUDI,Q7,"4,2"
AIP-842,AUDI,Q7,"3,6"
AIP-842,AUDI,Q7 TDI,"4,2"
ACP-010,"AUDIQ7 TFSI3VOLKSWAGENAMAROK2VOLKSWAGENTRANSPORTER2AUDIQ7 TDI3VOLKSWAGENAMAROK3VOLKSWAGENTRANSPORTER1,9VOLKSWAGENTOUAREG2,5VOLKSWAGENTOUAREG3,2VOLKSWAGENTOUAREG4,2AUDIQ74,2AUDIQ73,6AUDIQ7 TDI4,2PORSCHECAYENNE3,2PORSCHECAYENNE3,6PORSCHECAYENNE4,5PORSCHECAYENNE4,8",AUDI,Q7 TFSI
ACP-010,AUDI,Q7 TFSI,3
ACP-010,VOLKSWAGEN,AMAROK,2
ACP-010,VOLKSWAGEN,TRANSPORTER,2
ACP-010,AUDI,Q7 TDI,3
ACP-010,VOLKSWAGEN,AMAROK,3
ACP-010,VOLKSWAGEN,TRANSPORTER,"1,9"
ACP-010,VOLKSWAGEN,TOUAREG,"2,5"
ACP-010,VOLKSWAGEN,TOUAREG,"3,2"
ACP-010,VOLKSWAGEN,TOUAREG,"4,2"
ACP-010,AUDI,Q7,"4,2"
ACP-010,AUDI,Q7,"3,6"
ACP-010,AUDI,Q7 TDI,"4,2"
ACP-010,PORSCHE,CAYENNE,"3,2"
ACP-010,PORSCHE,CAYENNE,"3,6"
ACP-010,PORSCHE,CAYENNE,"4,5"
ACP-010,PORSCHE,CAYENNE,"4,8"
AIP-1076,"AUDIA1 TFSI1,4",AUDI,A1 TFSI
AIP-1076,AUDI,A1 TFSI,"1,4"
OLP-133,"AUDIA1 TFSI1,4VOLKSWAGENPOLO1,6VOLKSWAGENVENTO1,6SKODAFABIA II1,6FAWR71,6AUDIA3 TFSI1,4BYDSONG PLUS1,5",AUDI,A1 TFSI
OLP-133,AUDI,A1 TFSI,"1,4"
OLP-133,VOLKSWAGEN,POLO,"1,6"
OLP-133,VOLKSWAGEN,VENTO,"1,6"
OLP-133,SKODA,FABIA II,"1,6"
OLP-133,FAW,R7,"1,6"
OLP-133,AUDI,A3 TFSI,"1,4"
OLP-133,BYD,SONG PLUS,"1,5"
FLP-462,"SKODAFABIA I1,4SKODAFABIA II1,2SKODAFABIA II1,6SKODAFABIA III1,6SKODAYETI MPI1,6VOLKSWAGENVENTO1,6VOLKSWAGENBEETLE2,5VOLKSWAGENJETTA2,5VOLKSWAGENBORA2,5VOLKSWAGENPOLO1,6SEATIBIZA1,4SEATIBIZA1,6SKODAFABIA I2SKODAFABIA I1,2SKODARAPID1,6VOLKSWAGENPASSAT2,5AUDIA31,6SEATIBIZA V1,6AUDIA1 TFSI1,4SKODAPRAKTIK1,2SKODAROOMSTER1,2",SKODA,FABIA I
FLP-462,SKODA,FABIA I,"1,4"
FLP-462,SKODA,FABIA II,"1,2"
FLP-462,SKODA,FABIA II,"1,6"
FLP-462,SKODA,FABIA III,"1,6"
FLP-462,SKODA,YETI MPI,"1,6"
FLP-462,VOLKSWAGEN,VENTO,"1,6"
FLP-462,VOLKSWAGEN,BEETLE,"2,5"
FLP-462,VOLKSWAGEN,JETTA,"2,5"
FLP-462,VOLKSWAGEN,BORA,"2,5"
FLP-462,VOLKSWAGEN,POLO,"1,6"
FLP-462,SEAT,IBIZA,"1,4"
FLP-462,SEAT,IBIZA,"1,6"
FLP-462,SKODA,FABIA I,2
FLP-462,SKODA,FABIA I,"1,2"
FLP-462,SKODA,RAPID,"1,6"
FLP-462,VOLKSWAGEN,PASSAT,"2,5"
FLP-462,AUDI,A3,"1,6"
FLP-462,SEAT,IBIZA V,"1,6"
FLP-462,AUDI,A1 TFSI,"1,4"
FLP-462,SKODA,PRAKTIK,"1,2"
FLP-462,SKODA,ROOMSTER,"1,2"
OLP-125,"SEATIBIZA1,6AUDIA31,4SEATLEON1,4",SEAT,IBIZA
OLP-125,SEAT,IBIZA,"1,6"
OLP-125,AUDI,A3,"1,4"
OLP-125,SEAT,LEON,"1,4"
AIP-988,"AUDIA3 FSI2SEATLEON II1,6SKODAOCTAVIA II FSI2SKODAOCTAVIA II1,6AUDIA31,6AUDIA3 TFSI1,4",AUDI,A3 FSI
AIP-988,AUDI,A3 FSI,2
AIP-988,SEAT,LEON II,"1,6"
AIP-988,SKODA,OCTAVIA II FSI,2
AIP-988,SKODA,OCTAVIA II,"1,6"
AIP-988,AUDI,A3,"1,6"
AIP-988,AUDI,A3 TFSI,"1,4"
OLP-XT-056,"SEATLEON II1,6VOLKSWAGENSAVEIRO1,8VOLKSWAGENJETTA2MAZDACX93,7FAWBESTURN B501,6VOLKSWAGENJETTA1,8SKODAOCTAVIA II1,6AUDIA31,6",SEAT,LEON II
OLP-XT-056,SEAT,LEON II,"1,6"
OLP-XT-056,VOLKSWAGEN,SAVEIRO,"1,8"
OLP-XT-056,VOLKSWAGEN,JETTA,2
OLP-XT-056,MAZDA,CX9,"3,7"
OLP-XT-056,FAW,BESTURN B50,"1,6"
OLP-XT-056,VOLKSWAGEN,JETTA,"1,8"
OLP-XT-056,SKODA,OCTAVIA II,"1,6"
OLP-XT-056,AUDI,A3,"1,6"
OLP-056,"AUDIA31,6AUDIA3 T1,8AUDIA4 FSI2AUDITT T1,8SEATCORDOBA2SEATLEON II1,6SKODAOCTAVIA I1,6BMW320 i2BMW325 i2,5BMW525 i2,5VOLKSWAGENSAVEIRO1,8VOLKSWAGENGOLF1,6VOLKSWAGENGOLF2VOLKSWAGENNEWBEETLE TURBO1,8VOLKSWAGENJETTA2MAZDACX93,5MAZDACX93,7VOLKSWAGENGOLF1,8VOLKSWAGENGOLF2VOLKSWAGENGOLF GTI1,8VOLKSWAGENGOLF GTI2VOLKSWAGENVENTO1,8VOLKSWAGENVENTO2FAWBESTURN B501,6AUDIA4 T1,8SKODAFABIA I2SKODAOCTAVIA I1,8SKODAOCTAVIA I 1,8T1,8SKODAOCTAVIA I2SKODAOCTAVIA II1,6VOLKSWAGENJETTA1,8VOLKSWAGENNEWBEETLE SPORT1,8VOLKSWAGENNEWBEETLE2VOLKSWAGENPOLO1,6VOLKSWAGENPOLO1,8VOLKSWAGENPOLO2KAESERM762,7INGERSOLL-RANDDD24Todos MotoresFORDF-1504,2FORDRANGER2,5JEEPGRAND CHEROKEE3,7NEW HOLLANDL4641,3BOMAGBW151 AD2 / AD43,1CASE1046 / 1046A / 1055XL5,8CASE1255XL5,8LIEBHERRR3102,7LIEBHERRR310LC2,7BOMAGBW120 / BW124 / BW138 Series2,3BOMAGBW145-3 / BW145DH-3 / BW145PDH32,7AUDIA31,6VOLKSWAGENGOL1,8Foton Lovol254Todos MotoresFoton LovolTE254Todos Motores",AUDI,A3
OLP-056,AUDI,A3,"1,6"
OLP-056,AUDI,A3 T,"1,8"
OLP-056,AUDI,A4 FSI,2
OLP-056,AUDI,TT T,"1,8"
OLP-056,SEAT,CORDOBA,2
OLP-056,SEAT,LEON II,"1,6"
OLP-056,SKODA,OCTAVIA I,"1,6"
OLP-056,BMW,320 i,2
OLP-056,BMW,325 i,"2,5"
OLP-056,BMW,525 i,"2,5"
OLP-056,VOLKSWAGEN,SAVEIRO,"1,8"
OLP-056,VOLKSWAGEN,GOLF,"1,6"
OLP-056,VOLKSWAGEN,GOLF,2
OLP-056,VOLKSWAGEN,NEWBEETLE TURBO,"1,8"
OLP-056,VOLKSWAGEN,JETTA,2
OLP-056,MAZDA,CX9,"3,5"
OLP-056,MAZDA,CX9,"3,7"
OLP-056,VOLKSWAGEN,GOLF,"1,8"
OLP-056,VOLKSWAGEN,GOLF,2
OLP-056,VOLKSWAGEN,GOLF GTI,"1,8"
OLP-056,VOLKSWAGEN,GOLF GTI,2
OLP-056,VOLKSWAGEN,VENTO,"1,8"
OLP-056,VOLKSWAGEN,VENTO,2
OLP-056,FAW,BESTURN B50,"1,6"
OLP-056,AUDI,A4 T,"1,8"
OLP-056,SKODA,FABIA I,2
OLP-056,SKODA,OCTAVIA I,"1,8"
OLP-056,SKODA,"OCTAVIA I 1,8T","1,8"
OLP-056,SKODA,OCTAVIA I,2
OLP-056,SKODA,OCTAVIA II,"1,6"
OLP-056,VOLKSWAGEN,JETTA,"1,8"
OLP-056,VOLKSWAGEN,NEWBEETLE SPORT,"1,8"
OLP-056,VOLKSWAGEN,NEWBEETLE,2
OLP-056,VOLKSWAGEN,POLO,"1,6"
OLP-056,VOLKSWAGEN,POLO,"1,8"
OLP-056,VOLKSWAGEN,POLO,2
OLP-056,KAESER,M76,"2,7"
OLP-056,INGERSOLL-RAND,DD24,Todos Motores
OLP-056,FORD,F-150,"4,2"
OLP-056,FORD,RANGER,"2,5"
OLP-056,JEEP,GRAND CHEROKEE,"3,7"
OLP-056,NEW HOLLAND,L464,"1,3"
OLP-056,BOMAG,BW151 AD2 / AD4,"3,1"
OLP-056,CASE,1046 / 1046A / 1055XL,"5,8"
OLP-056,CASE,1255XL,"5,8"
OLP-056,LIEBHERR,R310,"2,7"
OLP-056,LIEBHERR,R310LC,"2,7"
OLP-056,BOMAG,BW120 / BW124 / BW138 Series,"2,3"
OLP-056,BOMAG,BW145-3 / BW145DH-3 / BW145PDH3,"2,7"
OLP-056,AUDI,A3,"1,6"
OLP-056,VOLKSWAGEN,GOL,"1,8"
OLP-056,Foton Lovol,254,Todos Motores
OLP-056,Foton Lovol,TE254,Todos Motores
FLP-532,VOLKSWAGENTIGUAN2,VOLKSWAGEN,TIGUAN
FLP-532,VOLKSWAGEN,TIGUAN,2
